Title,Video URL,Video Duration,Views Number,Date the video uploaded
"Seth Rollins revealed as the masked man: Elimination Chamber 2026 highlights","https://www.youtube.com/watch?v=i1tE3FlOXBU&pp=ygUIV1dFIDJLMjbSBwkJrgoBhyohjO8%3D","2.53","140万次观看","5天前"
"Danhausen makes his very nice, very evil WWE debut: Elimination Chamber 2026 highlights","https://www.youtube.com/watch?v=tlBpb23q3-o&pp=ygUIV1dFIDJLMjY%3D","2.28","91万次观看","5天前"
"EXCLUSIVE: Nick Aldis announces Drew McIntyre vs. Cody Rhodes THIS FRIDAY: Elimination Chamber 2026","https://www.youtube.com/watch?v=f4VWM6QIX0s&pp=ygUIV1dFIDJLMjY%3D","2.07","79万次观看","5天前"
"Countdown to Elimination Chamber: Feb. 28, 2026","https://www.youtube.com/watch?v=PWwdYlXfU5o&pp=ygUIV1dFIDJLMjbSBwkJrgoBhyohjO8%3D","2.02:18","62万次观看","直播时间：5天前"
"Abyss, Shinsuke Nakamura and special guests honor AJ Styles: Raw highlights, Feb. 27, 2026","https://www.youtube.com/watch?v=E_0-oySzV9g&pp=ygUIV1dFIDJLMjY%3D","1.14","49万次观看","6天前"
"Sami Zayn melts down after confronting Jacob Fatu: SmackDown highlights, Feb. 27, 2026","https://www.youtube.com/watch?v=8809iewYCRo&pp=ygUIV1dFIDJLMjY%3D","3.12","38万次观看","6天前"
"CM Punk Reacts to WWE 2K26 Showcase Gameplay","https://www.youtube.com/watch?v=dRqZAEnNYCg&pp=ygUIV1dFIDJLMjY%3D","8.00","18万次观看","5天前"
"Logan Paul CRASHES OUT on Kevin Owens over WWE 2K26 ratings reveal","https://www.youtube.com/watch?v=TMd_Opxbh9w&pp=ygUIV1dFIDJLMjY%3D","5.00","16万次观看","6天前"
"WWE 2K26 Superstar Ratings Reveal","https://www.youtube.com/watch?v=gqlTumbFCoE&pp=ygUIV1dFIDJLMjY%3D","47.08","15万次观看","直播时间：6天前"
"WWE 2K26 MyRISE - I Fought Bron For The World Title!","https://www.youtube.com/watch?v=PBJM7thwZ6E&pp=ygUIV1dFIDJLMjY%3D","39.01","11万次观看","19小时前"
"I Beat The Entire WWE 2K26 Showcase in ONE Video!","https://www.youtube.com/watch?v=vTtDRK5UC_s&pp=ygUIV1dFIDJLMjY%3D","2.16:40","10万次观看","23小时前"
"WWE 2K26 Superstar Ratings Reveal","https://www.youtube.com/watch?v=mvIyNhWCDmE&pp=ygUIV1dFIDJLMjY%3D","47.08","9.5万次观看","直播时间：6天前"
"WWE 2K26: Full Roster, RAW, SmackDown, NXT, AAA, TNA & Legends + Rating Reveal!","https://www.youtube.com/watch?v=HIoKajC46lg&pp=ygUIV1dFIDJLMjY%3D","18.02","7.5万次观看","2天前"
"Busting 26 Myths in WWE 2K26!","https://www.youtube.com/watch?v=HAvht3fLrYo&pp=ygUIV1dFIDJLMjY%3D","11.05","7.2万次观看","13小时前"
"40 Amazing Details In WWE 2K26","https://www.youtube.com/watch?v=y8KCcGSDAaQ&pp=ygUIV1dFIDJLMjY%3D","16.38","6.4万次观看","17小时前"
"WWE 2K26 - Official Monday Night War Edition Trailer","https://www.youtube.com/watch?v=fdU8O4F5r5I&pp=ygUIV1dFIDJLMjY%3D","0.46","6万次观看","2天前"
"WWE 2K26: New Creation Suite Reveals, Plus DLC & Future Updates Teased, Trophies & More!","https://www.youtube.com/watch?v=9cRihG6ywdc&pp=ygUIV1dFIDJLMjY%3D","9.26","5.8万次观看","7天前"
"The Game Never Stops | Official King of Kings Trailer | 2K","https://www.youtube.com/watch?v=QFQ35NXhqds&pp=ygUIV1dFIDJLMjY%3D","1.31","5.2万次观看","6天前"
"WWE 2K26 Universe Mode The Best This Year? (Q&A)","https://www.youtube.com/watch?v=IeVsmPxQ-Rw&pp=ygUIV1dFIDJLMjY%3D","11.28","5万次观看","3天前"
"WWE 2K26: Everything Unlocked, FULL ROSTER, Arenas, Championships, Referees & More!","https://www.youtube.com/watch?v=aYiikHJCyHw&pp=ygUIV1dFIDJLMjY%3D","23.19","4.7万次观看","23小时前"
"WWE 2K26 – Big Show vs Mark Henry | BRUTAL No Holds Barred Match at SuperShowDown | PC Gameplay","https://www.youtube.com/watch?v=tVPTUkb9i8o&pp=ygUIV1dFIDJLMjY%3D","33.29","4.8万次观看","5天前"
"Playing WWE 2K26 on Stream for the First Time","https://www.youtube.com/watch?v=ykTpVBVvhUE&pp=ygUIV1dFIDJLMjY%3D","1.47:29","4.4万次观看","直播时间：3小时前"
"WWE 2K26 Did You Know?: New Features, Secrets & Easter Eggs in WWE 2K26! (Episode 1)","https://www.youtube.com/watch?v=uJaOAlGRSNY&pp=ygUIV1dFIDJLMjY%3D","9.30","4.1万次观看","14小时前"
"WWE 2K26 - 15 Things You Need To Know Before You Buy","https://www.youtube.com/watch?v=GZmmonWUbY4&pp=ygUIV1dFIDJLMjY%3D","10.09","4.1万次观看","3天前"
"WWE 2K26: COMPLETE ROSTER (SUPERSTARS and LEGENDS 100% CONFIRMED)","https://www.youtube.com/watch?v=SKs779uivnQ&pp=ygUIV1dFIDJLMjY%3D","18.40","3.6万次观看","3天前"
"WWE 2K26 Showcase Gameplay Walkthrough FULL GAME [4K 60FPS PS5 PRO] - No Commentary","https://www.youtube.com/watch?v=oD3kNioRJOw&pp=ygUIV1dFIDJLMjY%3D","2.45:29","3.3万次观看","17小时前"
"I Beat the Entire WWE 2K26 Showcase in ONE Video!","https://www.youtube.com/watch?v=BAscoiaxtfY&pp=ygUIV1dFIDJLMjY%3D","37.52","3.4万次观看","23小时前"
"THE DRAFT! | WWE 2K26 Universe Mode (SERIES 1)","https://www.youtube.com/watch?v=qM-NU6Z2Qpg&pp=ygUIV1dFIDJLMjY%3D","29.24","3.3万次观看","19小时前"
"The Best WWE 2K26 Moments So Far (No Commentary)","https://www.youtube.com/watch?v=RI409jmVkXw&pp=ygUIV1dFIDJLMjY%3D","11.02","3万次观看","3天前"
"I Won a WWE 2K26 Royal Rumble From The Number 1 Spot!","https://www.youtube.com/watch?v=u0jGthpZZ0o&pp=ygUIV1dFIDJLMjY%3D","26.40","3万次观看","2天前"
"Jacob Fatu Vs Lisa Fugat WWE 2K26 Full Masty Match","https://www.youtube.com/watch?v=_wHwzzzwZSU&pp=ygUIV1dFIDJLMjY%3D","2.56:34","2.9万次观看","直播时间：1天前"
"I Played WWE 2K26 for 55 hours and it's...(Honest review)","https://www.youtube.com/watch?v=8fP4Kn-OCxY&pp=ygUIV1dFIDJLMjY%3D","25.37","2.9万次观看","21小时前"
"WWE 2K26: Menú, Roster Completo, Modos de Juego, Desbloqueables, Arenas, Campeonatos y más!","https://www.youtube.com/watch?v=HqlxJpZNsXU&pp=ygUIV1dFIDJLMjY%3D","16.04","2.9万次观看","23小时前"
"WWE 2K26 2K Showcase CM Punk | PART 1 in Spanish","https://www.youtube.com/watch?v=MEOlBgqM-tM&pp=ygUIV1dFIDJLMjY%3D","30.52","2.8万次观看","21小时前"
"WWE 2K26 Hands on: Playing Early, 2K Trip & My Thoughts On The Game","https://www.youtube.com/watch?v=aIFhKpHua-M&pp=ygUIV1dFIDJLMjY%3D","8.03","2.8万次观看","5天前"
"I Simulated The 2026 Elimination Chamber in WWE 2K26!","https://www.youtube.com/watch?v=qICWshIbViE&pp=ygUIV1dFIDJLMjY%3D","20.12","2.8万次观看","6天前"
"WWE 2K26 MyRise Gameplay Walkthrough FULL GAME [4K 60FPS PS5 PRO] - No Commentary","https://www.youtube.com/watch?v=UdWZs8LCQ88&pp=ygUIV1dFIDJLMjY%3D","3.38:41","2.7万次观看","14小时前"
"WWE 2K26: Every Tag Team & Faction In The Game!","https://www.youtube.com/watch?v=v45K7TzCc2E&pp=ygUIV1dFIDJLMjY%3D","2.54","2.7万次观看","20小时前"
"WWE 2K26 Universe Mode Didn't Go As Planned...","https://www.youtube.com/watch?v=GA7-L3hTFho&pp=ygUIV1dFIDJLMjY%3D","9.39","2.7万次观看","18小时前"
"WWE 2K26: Every Confirmed Arena So Far!","https://www.youtube.com/watch?v=Wlp8xG8QNGU&pp=ygUIV1dFIDJLMjY%3D","4.31","2.7万次观看","3天前"
"I Beat The ENTIRE WWE 2K26 Showcase on Legend Difficulty!","https://www.youtube.com/watch?v=nAPBGhhoMtY&pp=ygUIV1dFIDJLMjbSBwkJrgoBhyohjO8%3D","3.33:05","2.7万次观看","23小时前"
"nL vs. UpUpDownDown: 1 Minute MyGM Challenge! (WWE 2K26)","https://www.youtube.com/watch?v=7ZnHRzaKX0k&pp=ygUIV1dFIDJLMjbSBwkJrgoBhyohjO8%3D","36.25","2.6万次观看","7天前"
"WWE 2K26 – Official Showcase Trailer – Nintendo Switch 2","https://www.youtube.com/watch?v=SsmPKBDw6Wo&pp=ygUIV1dFIDJLMjY%3D","1.55","2.4万次观看","5天前"
"WWE 2K26 My First Ever Gameplay - WWE 2K26 Roman Reigns John Cena Brock Lesnar CM Punk Gameplay","https://www.youtube.com/watch?v=Z6-gbxobFQE&pp=ygUIV1dFIDJLMjY%3D","1.13:40","3.4万次观看","7小时前"
"WWE 2K26 John Cena vs GUNTHER I Quit Match (WWE 2K26 Gameplay)","https://www.youtube.com/watch?v=ikOGqiDdvcA&pp=ygUIV1dFIDJLMjY%3D","15.23","2.4万次观看","4天前"
"WWE 2K26 Cody Rhodes vs Kevin Owens Full Match Gameplay (WWE 2K26 Gameplay)","https://www.youtube.com/watch?v=fN-DpuBiJm8&pp=ygUIV1dFIDJLMjY%3D","10.44","2.4万次观看","4天前"
"WWE 2K26 vs WWE 2K25 - More Superstar Comparison (Graphics & Entrance)","https://www.youtube.com/watch?v=frY6me253gk&pp=ygUIV1dFIDJLMjY%3D","19.18","2.4万次观看","5天前"
"🔴 WWE 2K26 Launch Party!!","https://www.youtube.com/watch?v=5cr2wn50OgI&pp=ygUIV1dFIDJLMjbSBwkJrgoBhyohjO8%3D","3.58:14","2.2万次观看","直播时间：5小时前"
"FULL Roster Reveal With New Renders & Ratings! | WWE 2K26","https://www.youtube.com/watch?v=H4W3t8v8jd8&pp=ygUIV1dFIDJLMjY%3D","20.54","2.2万次观看","2天前"
"WWE 2K26: Official Roster Reveal + Superstar Ratings!","https://www.youtube.com/watch?v=J3Xpv52ocbk&pp=ygUIV1dFIDJLMjbSBwkJrgoBhyohjO8%3D","12.07","2.2万次观看","1天前"
"WWE 2K26 – All CM Punk Entrances in the Game!","https://www.youtube.com/watch?v=NQe_BF-NbPI&pp=ygUIV1dFIDJLMjY%3D","11.07","2.1万次观看","21小时前"
"WWE 2K26 MyRISE But I INJURE EVERYBODY!","https://www.youtube.com/watch?v=Rf8LC1NneAg&pp=ygUIV1dFIDJLMjY%3D","40.12","2万次观看","18小时前"
"WWE 2K26 LAUNCH STREAM w/ @kennybomb","https://www.youtube.com/watch?v=1FTIdtcg9_w&pp=ygUIV1dFIDJLMjY%3D","3.53:52","2万次观看","直播时间：9小时前"
"If it ain't broke... - WWE 2K26 Review","https://www.youtube.com/watch?v=9658zsGGbjs&pp=ygUIV1dFIDJLMjY%3D","6.13","2万次观看","23小时前"
"WWE 2K26 Could CHANGE EVERYTHING! (EARLY GAMEPLAY)","https://www.youtube.com/watch?v=ZKuTnNy1s44&pp=ygUIV1dFIDJLMjY%3D","8.43","1.9万次观看","5天前"
"Final Updates Before Release Week! | WWE 2K26","https://www.youtube.com/watch?v=0wuSiSWgsJg&pp=ygUIV1dFIDJLMjY%3D","15.56","1.9万次观看","6天前"
"🔴FREE WWE 2K26 GIVEAWAY -$5 DOLLAR ROYAL RUMBLES FREE TO PLAY - PLAYING WITH VIEWERS","https://www.youtube.com/watch?v=euGpj58cVCI&pp=ygUIV1dFIDJLMjY%3D","6.00:43","1.7万次观看","直播时间：8小时前"
"WWE 2K26 - The Complete Early Access Breakdown","https://www.youtube.com/watch?v=hYRGtkbXcnY&pp=ygUIV1dFIDJLMjY%3D","56.56","1.7万次观看","6天前"
"New DLC Confirmed With a Big Tease! | WWE 2K26","https://www.youtube.com/watch?v=OeEwQdM5vRI&pp=ygUIV1dFIDJLMjY%3D","9.37","1.6万次观看","3天前"
"WWE 2K26: Every Confirmed Showcase Matches So Far!","https://www.youtube.com/watch?v=c_Juh3XlTTM&pp=ygUIV1dFIDJLMjY%3D","1.54","1.7万次观看","6天前"
"We Played a 3 on 3 Elimination Match in WWE 2K26!","https://www.youtube.com/watch?v=KWBzv4y6QJA&pp=ygUIV1dFIDJLMjY%3D","15.50","1.6万次观看","1天前"
"WWE 2K26 vs. WWE 2K25: Amazing Details Comparison","https://www.youtube.com/watch?v=wFnSMd0aSqg&pp=ygUIV1dFIDJLMjY%3D","8.11","1.5万次观看","4天前"
"WWE 2K26 EARLY ACCESS IS HERE AND WE’RE TAKING A FIRST LOOK AT MYRISE!!","https://www.youtube.com/watch?v=SPwnwza6avs&pp=ygUIV1dFIDJLMjY%3D","23.54","1.5万次观看","5天前"
"WWE SmackDown Randy Orton Vs Cody Rhodes WWE 2K26 Full Match","https://www.youtube.com/watch?v=0EOS67dPLxo&pp=ygUIV1dFIDJLMjY%3D","4.26:09","1.5万次观看","直播时间：6天前"
"New Wrestler Update, Soundtrack News & A TERRIBLE Celebrity Guest Reveal | WWE 2K26","https://www.youtube.com/watch?v=-HKFoaOQQ6w&pp=ygUIV1dFIDJLMjY%3D","11.50","1.5万次观看","7天前"
"Guess the Wrestler's WWE 2K26 Rating!","https://www.youtube.com/watch?v=_mZFQ472a9Q&pp=ygUIV1dFIDJLMjY%3D","22.21","1.5万次观看","2天前"
"🚨WWE 2k26 EARLY ACCESS GAMEPLAY🚨ROSTER, GAME MODES, MATCH TYPES!","https://www.youtube.com/watch?v=uOIHWMRlupE&pp=ygUIV1dFIDJLMjY%3D","10.40:04","1.4万次观看","直播时间：9小时前"
"WWE 2K26: The Fiend Bray Wyatt "Burned" Official Entrance","https://www.youtube.com/watch?v=2DqmQt9qGWM&pp=ygUIV1dFIDJLMjY%3D","2.41","1.4万次观看","6天前"
"Wwe 2k26 Royal Rumble #shortslive #wwe #wwe2k25","https://www.youtube.com/watch?v=6ndRkZWq0JQ&pp=ygUIV1dFIDJLMjY%3D","2.05:29","1.3万次观看","直播时间：4天前"
"MAX WWE 2K26 RINGSIDE PASS FAST! (TIPS & TRICKS)","https://www.youtube.com/watch?v=IdJbQCz9IoQ&pp=ygUIV1dFIDJLMjY%3D","8.23","1.4万次观看","23小时前"
"WWE 2K26: All Women's MITB & Championship Entrances #WWE2K26","https://www.youtube.com/watch?v=TZbMeSw_-Jg&pp=ygUIV1dFIDJLMjY%3D","25.29","1.4万次观看","22小时前"
"WWE 2K26 My Rise The Comeback Gameplay Walkthrough Part 1","https://www.youtube.com/watch?v=mNriS2dazSE&pp=ygUIV1dFIDJLMjbSBwkJrgoBhyohjO8%3D","1.35:16","1.3万次观看","21小时前"
"WWE 2K26 3 Stages of Hell FULL MATCH (GAMEPLAY ONLY)","https://www.youtube.com/watch?v=9dg4TcFi97s&pp=ygUIV1dFIDJLMjY%3D","22.05","1.3万次观看","6天前"
"WWE 2K26: Roster Reveal! RAW, SmackDown, NXT + AAA !","https://www.youtube.com/watch?v=KZ68ttPkwjM&pp=ygUIV1dFIDJLMjY%3D","4.45","1.2万次观看","3天前"
"BEFORE YOU BUY: WWE 2K26 Hands-On Gameplay & Review!","https://www.youtube.com/watch?v=TrXr67t3V2U&pp=ygUIV1dFIDJLMjbSBwkJrgoBhyohjO8%3D","39.44","1.2万次观看","17小时前"
"Wwe 2k26 Royal Rumble #shortslive #wwe #wwe2k25","https://www.youtube.com/watch?v=eIHbc_xELds&pp=ygUIV1dFIDJLMjY%3D","2.02:33","1.2万次观看","直播时间：4天前"
"WWE 2K26: All Mixed Tag Team Entrances #WWE2K26","https://www.youtube.com/watch?v=raAW7v9ts_Q&pp=ygUIV1dFIDJLMjY%3D","23.42","1.2万次观看","23小时前"
"We Got Our FIRST Locker Code For WWE 2K26!!","https://www.youtube.com/watch?v=uHe68I_AXKg&pp=ygUIV1dFIDJLMjY%3D","8.54","1.2万次观看","18小时前"
"WWE 2K26: Official Rating Reveal Ft. John Cena, Brock Lesnar, Roman Reigns – Part 1","https://www.youtube.com/watch?v=zBZUoSwQEJs&pp=ygUIV1dFIDJLMjbSBwkJrgoBhyohjO8%3D","8.09","1.3万次观看","5天前"
"WWE 2K26: Main Menu, New Match Types, Selection Screen!","https://www.youtube.com/watch?v=SASTbR-O6FY&pp=ygUIV1dFIDJLMjY%3D","2.27","1.2万次观看","5天前"
"How to Get WWE 2K26 For Free!!","https://www.youtube.com/watch?v=z1OTfV5IooA&pp=ygUIV1dFIDJLMjY%3D","9.07","1.2万次观看","2天前"
"ردة فعلي على تقييمات WWE 2K26 🔥 صدمة غونثر ونسخة الـ جون سينا","https://www.youtube.com/watch?v=nJLSk9CKnDo&pp=ygUIV1dFIDJLMjY%3D","21.56","1.2万次观看","5天前"
"WWE 2K26 All Women's Entrances REACTION!!! -The Fat REACT!","https://www.youtube.com/watch?v=hCGJa-iGM7c&pp=ygUIV1dFIDJLMjY%3D","1.18:05","1.1万次观看","6天前"
"WWE 2K26 ROSTER AND RATINGS","https://www.youtube.com/watch?v=jh6a9wJIa3U&pp=ygUIV1dFIDJLMjY%3D","9.30","1.2万次观看","3天前"
"MORE SHOCKING DLC Reveals For WWE 2K26.....But is it Good?","https://www.youtube.com/watch?v=_Y2PXVaBePk&pp=ygUIV1dFIDJLMjY%3D","10.50","1.1万次观看","1天前"
"WWE 2K26: Every Confirmed Title & Ringside Pass!","https://www.youtube.com/watch?v=LAq62E0XyoI&pp=ygUIV1dFIDJLMjY%3D","2.57","1万次观看","2天前"
"WWE 2K26 Ringside Pass Season 2 DLC is...","https://www.youtube.com/watch?v=r3cNvEIQv4k&pp=ygUIV1dFIDJLMjY%3D","9.14","1万次观看","2天前"
"50 OLD vs NEW Finishers in WWE 2K25! (WWE 2K26 Countdown)","https://www.youtube.com/watch?v=unlKfAPDBcc&pp=ygUIV1dFIDJLMjY%3D","13.26","1万次观看","5天前"
"WWE 2K26 New Crazy Ragdolls Compilation (Euphoria Physics Showcase)","https://www.youtube.com/watch?v=K_2VQANexeg&pp=ygUIV1dFIDJLMjY%3D","11.43","1万次观看","13小时前"
"Randy Orton '05 EPIC Entrance w/Theme And Graphics Pack | Road To WWE 2K26!","https://www.youtube.com/watch?v=FIuJhq-7rC0&pp=ygUIV1dFIDJLMjY%3D","1.47","1万次观看","6天前"
"WWE 2K26: Every Heel Turn & Heel Choice In MyRise","https://www.youtube.com/watch?v=eM_-bCQ9HNc&pp=ygUIV1dFIDJLMjY%3D","16.33","1.1万次观看","21小时前"
"WWE 2K26 CONFIRMS MASSIVE DLC DETAILS!","https://www.youtube.com/watch?v=OBESw65PY7U&pp=ygUIV1dFIDJLMjY%3D","8.22","1万次观看","3天前"
"Chris Benoit '06 ECW Epic Entrance | Road To WWE 2K26!","https://www.youtube.com/watch?v=0VJOLsHfz4E&pp=ygUIV1dFIDJLMjY%3D","1.37","1万次观看","6天前"
"Wwe 2k26 Royal Rumble #shortslive #wwe #wwe2k25","https://www.youtube.com/watch?v=h8YMxUOEQp4&pp=ygUIV1dFIDJLMjY%3D","1.04:44","9819次观看","直播时间：4天前"
"WWE 2K26 The Undertaker vs Randy Orton Inferno Match Gameplay (WWE 2K26 Gameplay)","https://www.youtube.com/watch?v=aAGzr1zFiHk&pp=ygUIV1dFIDJLMjY%3D","13.27","9890次观看","6天前"
"WWE 2K26: All Women's Entrances #WWE2K26","https://www.youtube.com/watch?v=-RPywXpUToM&pp=ygUIV1dFIDJLMjY%3D","1.24:53","1万次观看","23小时前"
"WE GOT WWE 2K26 EARLY! Lets talk about it..","https://www.youtube.com/watch?v=PI05FODoadU&pp=ygUIV1dFIDJLMjY%3D","1.36:44","9476次观看","直播时间：2天前"
"WWE 2K26: Asuka Vs Kairi Sane [3 Stages of Hell] #WWE2K26","https://www.youtube.com/watch?v=RPIG9EGBPVI&pp=ygUIV1dFIDJLMjY%3D","16.54","9176次观看","5天前"
"WWE 2K26 Top 10 New Finisher Animations","https://www.youtube.com/watch?v=H2GadRLKl1M&pp=ygUIV1dFIDJLMjY%3D","3.35","1.7万次观看","8小时前"
"How BLOODY Can Things Get in WWE 2K26 ....","https://www.youtube.com/watch?v=v9kjUyuYz9o&pp=ygUIV1dFIDJLMjY%3D","11.23","9082次观看","16小时前"
"I Got WWE 2K26 Early! PLAYING LIVE NOW!!","https://www.youtube.com/watch?v=LYacO0CqpwI&pp=ygUIV1dFIDJLMjY%3D","3.02:57","8598次观看","直播时间：21小时前"
"WWE 2K26 - WWE 2K25 Entrance Comparisons #1 #WWE2K26","https://www.youtube.com/watch?v=w_3rMRIz5dk&pp=ygUIV1dFIDJLMjY%3D","10.27","8375次观看","4天前"
"WWE 2K26 ÇIKTI İLK CANLI YAYIN","https://www.youtube.com/watch?v=hQhjck4FQds&pp=ygUIV1dFIDJLMjY%3D","3.48:22","9698次观看","直播时间：14小时前"
"WWE 2K26 Vs WWE 2K25! (Epic Finishers Comparison)","https://www.youtube.com/watch?v=jlrAIKcFdWk&pp=ygUIV1dFIDJLMjY%3D","14.01","8621次观看","22小时前"
"WWE 2K26 All Cutscenes (CM Punk 2K Showcase)","https://www.youtube.com/watch?v=4lyLCEaiP3Y&pp=ygUIV1dFIDJLMjY%3D","24.20","8313次观看","20小时前"
"WWE 2K26 Logan Paul vs Bronson Reed Dumpster Match Gameplay (WWE 2K26 Gameplay)","https://www.youtube.com/watch?v=72wU_7LXFy8&pp=ygUIV1dFIDJLMjY%3D","10.30","8331次观看","6天前"
"WWE 2K26 Women's Entrances  - Game Vs. Real Life Comparison","https://www.youtube.com/watch?v=XWFTaiNIFYA&pp=ygUIV1dFIDJLMjY%3D","4.59","8479次观看","5天前"
"Can I Survive IMMORTAL Difficulty?! | WWE 2K26 MyGM","https://www.youtube.com/watch?v=D5dYMWqLRUU&pp=ygUIV1dFIDJLMjY%3D","2.58:35","8493次观看","直播时间：14小时前"
"Wwe 2k26 Royal Rumble #shortslive #wwe #wwe2k25","https://www.youtube.com/watch?v=prBsizOOY-E&pp=ygUIV1dFIDJLMjY%3D","1.32:02","7924次观看","直播时间：4天前"
"WWE 2K26 EXPECTED AUTO-DOWNLOAD DATE is...","https://www.youtube.com/watch?v=WPQ8zUmiiTI&pp=ygUIV1dFIDJLMjY%3D","1.21","8300次观看","3天前"
"Which WWE 2K26 Edition Should You Buy?! 🤯 Every Version & DLC Bonus Explained!","https://www.youtube.com/watch?v=M0vRGE-qt7g&pp=ygUIV1dFIDJLMjY%3D","8.16","8870次观看","3天前"
"How to Unlock All Superstars in WWE 2K26!","https://www.youtube.com/watch?v=Ob7OYBg9z0A&pp=ygUIV1dFIDJLMjY%3D","19.25","8827次观看","1天前"
"WWE 2K26 CREATING AN ADVANCED ENTRANCE WITH STABLES","https://www.youtube.com/watch?v=NZIjsiWesyE&pp=ygUIV1dFIDJLMjY%3D","11.21","8223次观看","2天前"
"WWE 2K26 Recensione: un gioco di wrestling gigantesco","https://www.youtube.com/watch?v=Qmn4SzXk3SY&pp=ygUIV1dFIDJLMjY%3D","11.13","7772次观看","23小时前"
"WWE 2K26 is a Huge Scam... I Give Up","https://www.youtube.com/watch?v=dCg8zFkFB60&pp=ygUIV1dFIDJLMjY%3D","13.59","7395次观看","3天前"
"WWE 2K26: Every Confirmed Showcase Matches So Far!","https://www.youtube.com/watch?v=eHo2o52dTX8&pp=ygUIV1dFIDJLMjY%3D","1.52","8257次观看","4天前"
"Every Male Superstar Entrance in WWE 2K26! Full Showcase","https://www.youtube.com/watch?v=Xk_KsWAUDdQ&pp=ygUIV1dFIDJLMjY%3D","6.20:47","6936次观看","18小时前"
"CM Punk Said What?!  |  WWE 2K26 CM Punk Showcase Gameplay","https://www.youtube.com/watch?v=Fx1oLGqAlQs&pp=ygUIV1dFIDJLMjY%3D","12.15","6958次观看","5天前"
"WWE 2K26 Secret Changes Revealed in Universe Mode!","https://www.youtube.com/watch?v=KhtLPE3mbZQ&pp=ygUIV1dFIDJLMjY%3D","8.05","6452次观看","5天前"
"I am EXTREMELY EXCITED about WWE 2K26","https://www.youtube.com/watch?v=6szHS81lXIo&pp=ygUIV1dFIDJLMjY%3D","12.49","6359次观看","6天前"
"How To Play WWE 2K26 Early RIGHT NOW","https://www.youtube.com/watch?v=EnwhXdUs7IA&pp=ygUIV1dFIDJLMjY%3D","8.31","6690次观看","3天前"
"WWE 2K26 – Rey Mysterio vs Triple H | Falls Count Anywhere Match at Armageddon | PC Gameplay","https://www.youtube.com/watch?v=sTHaLcZsoPQ&pp=ygUIV1dFIDJLMjY%3D","35.03","6233次观看","2天前"
"This TNA DLC Pack Is Insane! | WWE 2K26","https://www.youtube.com/watch?v=lINEaka5pDM&pp=ygUIV1dFIDJLMjY%3D","10.10","6148次观看","4天前"
"WWE 2K26's SOUNDTRACK IS...","https://www.youtube.com/watch?v=lB5scObSbiw&pp=ygUIV1dFIDJLMjbSBwkJrgoBhyohjO8%3D","6.26","6624次观看","6天前"
"wwe 2k26 royal rumble Live #shortslive #wwe #wwe2k25","https://www.youtube.com/watch?v=575OdIiEzf4&pp=ygUIV1dFIDJLMjbSBwkJrgoBhyohjO8%3D","54.13","5980次观看","直播时间：7天前"
"WWE 2K26 MyRISE - I Turned Heel","https://www.youtube.com/watch?v=HArtMHvnnwE&pp=ygUIV1dFIDJLMjbSBwkJrgoBhyohjO8%3D","51.03","7873次观看","20小时前"
"WWE 2K26: 10 New OMG Moments! (WWE 2K26 Concept)","https://www.youtube.com/watch?v=PDnPdQgSO_8&pp=ygUIV1dFIDJLMjY%3D","9.50","6183次观看","3天前"
"WWE 2K26 OFFICIAL ROSTER REVEAL | INSANE NEW STARS, SUPRISES AND SO MUCH MORE","https://www.youtube.com/watch?v=Czq7U8h7f3k&pp=ygUIV1dFIDJLMjY%3D","14.13","5962次观看","1天前"
"WWE 2K26 Preload is LIVE! How to Download on PS5 also Xbox/Switch 2","https://www.youtube.com/watch?v=eFwCBmEllpw&pp=ygUIV1dFIDJLMjY%3D","1.32","6046次观看","2天前"
"WWE 2K26 CONFIRMS NEW DLC WRESTLERS!","https://www.youtube.com/watch?v=WshbIp6-in8&pp=ygUIV1dFIDJLMjY%3D","8.31","5917次观看","1天前"
"NO REVOLUCIONA NADA pero TIENE COSAS que MERECEN LA PENA - Análisis de WWE 2K26","https://www.youtube.com/watch?v=nrN6GCZgAXU&pp=ygUIV1dFIDJLMjY%3D","8.17","5553次观看","20小时前"
"NEW Licensed Creation Parts & HUGE Feature Coming in WWE 2K26","https://www.youtube.com/watch?v=h7bABkeOsBY&pp=ygUIV1dFIDJLMjY%3D","10.31","5606次观看","3天前"
"WWE 2K26 Official Ratings: Top 50 Superstar Ratings","https://www.youtube.com/watch?v=2wc_iCtM9G4&pp=ygUIV1dFIDJLMjY%3D","3.12","5876次观看","4天前"
"FAIL with Blake MONROE WWE 2K26","https://www.youtube.com/watch?v=e0c1sxypXwI&pp=ygUIV1dFIDJLMjY%3D","6.16","5626次观看","6天前"
"WWE 2k26 CONFIRMED NEW DLC CHARACTERS + WHICH EDITION ARE YOU BUYING?","https://www.youtube.com/watch?v=tUW-JrFw75M&pp=ygUIV1dFIDJLMjY%3D","8.06","6664次观看","1天前"
"CANLI TEPKİ | WWE 2K26 RATINGLERİ AÇIKLANDI","https://www.youtube.com/watch?v=JFHn41CPmRg&pp=ygUIV1dFIDJLMjY%3D","7.47","5253次观看","6天前"
"WWE 2K26 - WWE 2K25 Entrance Comparisons #3 #WWE2K26","https://www.youtube.com/watch?v=2OlpaarIM0g&pp=ygUIV1dFIDJLMjY%3D","10.15","5408次观看","3天前"
"Early Access WWE 2K26 FULL MATCH - GM vs GM Falls Count Anywhere","https://www.youtube.com/watch?v=lETcTKXbzpo&pp=ygUIV1dFIDJLMjY%3D","12.02","5252次观看","4天前"
"WWE 2K26 GROUND-BREAKING LATEST NEWS","https://www.youtube.com/watch?v=AIEVWdpm1sI&pp=ygUIV1dFIDJLMjY%3D","10.53","5553次观看","6天前"
"PS5 PRO WWE 2K26 GOLDBERG vs BROCK LESNAR","https://www.youtube.com/watch?v=Cs24Mg2HJFA&pp=ygUIV1dFIDJLMjY%3D","13.33","5428次观看","20小时前"
"WWE 2K26 DUYURULAN TÜM KADRO","https://www.youtube.com/watch?v=4PmlcmpIm_I&pp=ygUIV1dFIDJLMjY%3D","16.52","5749次观看","2天前"
"American Badass Undetaker Entrance w/ Rollin' Theme Song | Road To WWE 2K26!","https://www.youtube.com/watch?v=R_o2p1bHz6U&pp=ygUIV1dFIDJLMjbSBwkJrgoBhyohjO8%3D","1.24","5571次观看","2天前"
"WWE 2K26 EVERY Edition Explained + Ringside Pass Breakdown! (Is It Worth It?)","https://www.youtube.com/watch?v=RRNgHiZ3iNg&pp=ygUIV1dFIDJLMjY%3D","36.23","4869次观看","5天前"
"A Quick Look at WWE 2K26","https://www.youtube.com/watch?v=tlxteQbt1d4&pp=ygUIV1dFIDJLMjY%3D","1.18:02","6616次观看","23小时前"
"WWE 2K26 Full Roster, Overalls & Teams","https://www.youtube.com/watch?v=PjlJ-BqIp5g&pp=ygUIV1dFIDJLMjY%3D","9.28","4910次观看","23小时前"
"BEFORE YOU BUY WWE 2K26, DO THIS FIRST!","https://www.youtube.com/watch?v=npnLmiEDPiw&pp=ygUIV1dFIDJLMjY%3D","17.47","4616次观看","5天前"
"WWE 2K26 Just Gave Us All The Finger With This Latest News","https://www.youtube.com/watch?v=1e7YRPcPMYA&pp=ygUIV1dFIDJLMjY%3D","23.20","4667次观看","6天前"
"WWE 2k26 ROSTER REVEAL LET DOWN? IS IT ENOUGH FOR US TO BE HAPPY?","https://www.youtube.com/watch?v=o0hZPld3BEw&pp=ygUIV1dFIDJLMjbSBwkJrgoBhyohjO8%3D","8.01","4378次观看","3天前"
"WWE 2k26 RINGSIDE PASS REWARDS MIGHT NOT BE THAT GREAT? IS THE PROGRESSION SYSTEM EASY?","https://www.youtube.com/watch?v=TFJnQ_8Dif0&pp=ygUIV1dFIDJLMjbSBwkJrgoBhyohjO8%3D","8.01","4341次观看","2天前"
"WWE 2K26 - WWE 2K25 Entrance Comparisons #2 #WWE2K26","https://www.youtube.com/watch?v=IpWoohzzZcE&pp=ygUIV1dFIDJLMjY%3D","10.41","4450次观看","4天前"
"CREATING MY FIRST CAW IN WWE 2K26","https://www.youtube.com/watch?v=8pULoWsyMsI&pp=ygUIV1dFIDJLMjY%3D","31.28","4498次观看","2天前"
"WWE 2K26: Chelsea Green Vs Michin [Dumpster Match] #WWE2K26","https://www.youtube.com/watch?v=RKV2qf-fTJA&pp=ygUIV1dFIDJLMjY%3D","11.00","4852次观看","6天前"
"THE REAL TRIBAL CHIEF REVEALED IN WWE 2K26?! | EARLY ACCESS","https://www.youtube.com/watch?v=ZzFVXZvLRKU&pp=ygUIV1dFIDJLMjY%3D","12.39","4378次观看","3天前"
"HOW TO PLAY WWE2K26 EARLY RIGHT NOW","https://www.youtube.com/watch?v=9TKV2bFwNHw&pp=ygUIV1dFIDJLMjY%3D","8.03","4334次观看","5天前"
"WWE 2K26 MyFACTION: Unlocking PERSONA Cards! First Locker CODES & Monday Night War PACKS!","https://www.youtube.com/watch?v=1yhEX5LnR-I&pp=ygUIV1dFIDJLMjY%3D","19.43","4909次观看","9小时前"
"WWE 2K26 Full Soundtrack","https://www.youtube.com/watch?v=uXxVreXQ14A&list=RDuXxVreXQ14A&start_radio=1&pp=ygUIV1dFIDJLMjagBwE%3D","5.28","4950次观看","5天前"
"15 New Double Finishers Combo in WWE 2K26! (Concept)","https://www.youtube.com/watch?v=hWmDvc_3E14&pp=ygUIV1dFIDJLMjbSBwkJrgoBhyohjO8%3D","8.43","4134次观看","1天前"
"EVERYTHING YOU NEED TO KNOW ABOUT CREATE-A CHAMPIONSHIP & SIGN IN WWE 2K26! | EARLY ACCESS","https://www.youtube.com/watch?v=-1z2ZF0gYe4&pp=ygUIV1dFIDJLMjY%3D","6.35","4050次观看","6天前"
"WWE 2K26 Universe Mode UPDATES is INSANE! | DEEP DIVE","https://www.youtube.com/watch?v=RLDHcyKTkHQ&pp=ygUIV1dFIDJLMjY%3D","49.46","3913次观看","6天前"
"WWE 2K26 - Les notes de toutes les Superstars... Grosse surprise !!!","https://www.youtube.com/watch?v=CTwck5x5vyk&pp=ygUIV1dFIDJLMjY%3D","20.49","4071次观看","20小时前"
"WWE 2K26 LIVE Gameplay","https://www.youtube.com/watch?v=IfujB1ZNWYw&pp=ygUIV1dFIDJLMjY%3D","2.36:43","4699次观看","直播时间：8小时前"
"Ringside Season Pass 2nd Season Confirmed DLC For WWE 2K26!","https://www.youtube.com/watch?v=r6NDQ_jFyDc&pp=ygUIV1dFIDJLMjY%3D","9.29","4011次观看","3天前"
"I WENT TO WWE HQ FOR 2K CREATOR FEST","https://www.youtube.com/watch?v=EoFKvghjzg8&pp=ygUIV1dFIDJLMjY%3D","8.36","3771次观看","6天前"
"Ethan Page’s FIRST EVER Casket Match in WWE 2K26… INSANE Finish!","https://www.youtube.com/watch?v=I-ZJicKOwiY&pp=ygUIV1dFIDJLMjY%3D","9.51","3714次观看","2天前"
"THE WARNING En el soundtrack de WWE 2k26","https://www.youtube.com/watch?v=abAQnPZW9vQ&pp=ygUIV1dFIDJLMjY%3D","5.50","3775次观看","5天前"
"More Delisted WWE Games & Bad News for WWE 2K26 on PC!","https://www.youtube.com/watch?v=ENtepqABr8M&pp=ygUIV1dFIDJLMjY%3D","13.27","4759次观看","2天前"
"The Creation Suite Is "DOOMED" In WWE 2K26? Plus, Superstar Ratings & Another Terrible Soundtrack?","https://www.youtube.com/watch?v=JJj5IZRewR8&pp=ygUIV1dFIDJLMjY%3D","17.58","3709次观看","6天前"
"WWE 2K26 OFFICIAL ROSTER RATINGS | THE GOOD, THE BAD AND THE WTF!?","https://www.youtube.com/watch?v=IKZ7jgfiPto&pp=ygUIV1dFIDJLMjY%3D","8.52","4133次观看","6天前"
"WWE 2K26 2K Showcase CM Punk | PART 2 in Spanish","https://www.youtube.com/watch?v=9veTBESgRYY&pp=ygUIV1dFIDJLMjY%3D","28.28","1.3万次观看","15小时前"
"WWE 2K26 Detailed Superstar Comparison | WWE 2K25 vs WWE 2K25","https://www.youtube.com/watch?v=vYJQ8CnZ8PI&pp=ygUIV1dFIDJLMjY%3D","4.10","4367次观看","9小时前"
"[WWE 2k26] Advanced Entrance Creation with @BDE @DenkOps @Smallafro  @lugeyps3 & @DeonteDDJ_","https://www.youtube.com/watch?v=XBeO4TkJ6Nk&pp=ygUIV1dFIDJLMjY%3D","5.13","3953次观看","1天前"
"WWE 2k26 CONFIRMED HARDY BOYZ DLC | EARLY ACCESS GAMEPLAY | PS5 PRO ENHANCED","https://www.youtube.com/watch?v=1HWefHSDt8I&pp=ygUIV1dFIDJLMjY%3D","3.25:29","4690次观看","直播时间：2小时前"
"WWE 2K26 - WWE 2K25 Entrance Comparisons #5 #WWE2K26","https://www.youtube.com/watch?v=mV_IH_l0hX8&pp=ygUIV1dFIDJLMjY%3D","9.01","3676次观看","1天前"
"WWE 2K26 Gameplay FR - Inferno Match, c’est une dinguerie !","https://www.youtube.com/watch?v=jdmWllHbQRI&pp=ygUIV1dFIDJLMjY%3D","14.32","3480次观看","5天前"
"WWE 2K26 MONDAY NIGHT WAR EDITION CONTAINS...","https://www.youtube.com/watch?v=7DM23GZrJA0&pp=ygUIV1dFIDJLMjY%3D","1.11","3734次观看","2天前"
"How to Get WWE 2K26 for FREE! ✅ PS5, Xbox, PC/Steam, Switch (100% Legit)","https://www.youtube.com/watch?v=GhkNGe8Utb0&pp=ygUIV1dFIDJLMjY%3D","3.16","4749次观看","3天前"
"Next-Gen Dumpster Match in WWE 2K26 Is Brutal!","https://www.youtube.com/watch?v=9xBbCZCNt2A&pp=ygUIV1dFIDJLMjY%3D","11.29","3449次观看","3天前"
"WWE 2K26 Inferno Match FULL MATCH (GAMEPLAY ONLY)","https://www.youtube.com/watch?v=QUNDYyseGGA&pp=ygUIV1dFIDJLMjY%3D","9.37","3916次观看","5天前"
"Danhausen WWE Debut Entrance | Road To WWE 2K26!","https://www.youtube.com/watch?v=YhSAvKjSiJQ&pp=ygUIV1dFIDJLMjbSBwkJrgoBhyohjO8%3D","1.06","3367次观看","4天前"
"Wwe 2k26 Live Hulk vs Roman #shortslive #wwe #wwe2k25","https://www.youtube.com/watch?v=kdMramNKxCA&pp=ygUIV1dFIDJLMjY%3D","1.20:55","3297次观看","直播时间：6天前"
"WWE 2K26: Ringside Pass Season 1 Walkthrough!","https://www.youtube.com/watch?v=0B2sgbPbcFk&pp=ygUIV1dFIDJLMjbSBwkJrgoBhyohjO8%3D","3.52","3685次观看","6天前"
"How To MAX OUT Ringside Past FAST In WWE 2K26! (Reach Tier 40 Fast)","https://www.youtube.com/watch?v=OuBGZc0u0sE&pp=ygUIV1dFIDJLMjY%3D","1.26","3237次观看","16小时前"
"WWE 2K26: FULL ROSTER & Ratings! Hidden Superstars, Ringside Pass, Showcase, MyFaction & More!","https://www.youtube.com/watch?v=CGWhyfWvRfs&pp=ygUIV1dFIDJLMjY%3D","22.08","3817次观看","23小时前"
"WWE 2K26 MA CARRIÈRE #1 - MES DÉBUTS A LA WWE","https://www.youtube.com/watch?v=5OUjc5ixvsE&pp=ygUIV1dFIDJLMjY%3D","25.58","3321次观看","16小时前"
"WWE 2K26: The Island Chapter 1 Ending","https://www.youtube.com/watch?v=QY9Nw4xbdW0&pp=ygUIV1dFIDJLMjY%3D","16.36","3199次观看","18小时前"
"WWE 2K26: Complete Showcase Matches List!","https://www.youtube.com/watch?v=W-z7gpp5IJo&pp=ygUIV1dFIDJLMjY%3D","2.21","2979次观看","13小时前"
"Wwe 2k26 Live Hulk vs Roman #shortslive #wwe #wwe2k25","https://www.youtube.com/watch?v=u0mS0VCGChY&pp=ygUIV1dFIDJLMjbSBwkJrgoBhyohjO8%3D","1.00:52","2920次观看","直播时间：6天前"
"Some DLC Confirmation, First Looks & Fan Backlash. WWE2K26 Latest Update.","https://www.youtube.com/watch?v=EyVt0rTJHLA&pp=ygUIV1dFIDJLMjY%3D","25.19","2966次观看","2天前"
"WWE 2K26 NEW Inferno Match Explained – Full Gameplay Producer Breakdown","https://www.youtube.com/watch?v=p0K08rXf01Q&pp=ygUIV1dFIDJLMjbSBwkJrgoBhyohjO8%3D","20.47","3184次观看","6天前"
"How to Make the Best Universe Mode in WWE 2k26","https://www.youtube.com/watch?v=TLHlx0EANjw&pp=ygUIV1dFIDJLMjY%3D","6.21","2892次观看","18小时前"
"WWE 2K26 Season 2 DLC is CRAZY… Early Reviews & Predictions!","https://www.youtube.com/watch?v=1KZBMhm3w00&pp=ygUIV1dFIDJLMjY%3D","6.27","2890次观看","1天前"
"WWE 2K26 LIVE STREAM EVERYTHING REVEALED!","https://www.youtube.com/watch?v=97KragERqeA&pp=ygUIV1dFIDJLMjbSBwkJrgoBhyohjO8%3D","5.11:23","2759次观看","直播时间：18小时前"
"WWE 2K26 Full CM Punk Showcase Mode","https://www.youtube.com/watch?v=weHJyajILcE&pp=ygUIV1dFIDJLMjY%3D","3.54:31","3345次观看","14小时前"
"PREDICTING WWE 2K26's Ringside Pass","https://www.youtube.com/watch?v=SNOqxiAyx3E&pp=ygUIV1dFIDJLMjbSBwkJrgoBhyohjO8%3D","19.14","2720次观看","7天前"
"NEW BACKSTAGE BRAWL IN WWE 2K26","https://www.youtube.com/watch?v=9mQYP4ti7FE&pp=ygUIV1dFIDJLMjY%3D","15.45","3863次观看","19小时前"
"This ECW DLC Pack Is WILD! WWE 2K26","https://www.youtube.com/watch?v=ew9HLTL0r-o&pp=ygUIV1dFIDJLMjY%3D","11.20","2830次观看","4天前"
"WWE 2K26 Showcase Mode Gameplay Part 4 - CM Punk vs Randy Orton","https://www.youtube.com/watch?v=qWo3vY3H4xA&pp=ygUIV1dFIDJLMjY%3D","13.44","3015次观看","19小时前"
"DRAFT DAY! WWE 2K26 Universe Mode Episode 1","https://www.youtube.com/watch?v=iZeikavFszs&pp=ygUIV1dFIDJLMjbSBwkJrgoBhyohjO8%3D","13.49","2888次观看","17小时前"
"WWE 2K26 mi ha deluso. NON lo compro!","https://www.youtube.com/watch?v=8OgcqSnaMko&pp=ygUIV1dFIDJLMjY%3D","13.02","2764次观看","6天前"
"Finally WWE 2K26 PPSSPP Is Here...WWE 2K26 PSP Mobile Gameplay 🔥","https://www.youtube.com/watch?v=4VGycnIKyPU&pp=ygUIV1dFIDJLMjY%3D","9.19","3085次观看","2天前"
"WWE 2K26 Season 3 DLC – Brian Pillman & Matt Cardona Revealed","https://www.youtube.com/watch?v=npnFN1Zlowg&pp=ygUIV1dFIDJLMjY%3D","2.05","2540次观看","1天前"
"Should You Buy WWE 2K26?","https://www.youtube.com/watch?v=_wNF7UeQWLM&pp=ygUIV1dFIDJLMjY%3D","18.30","2462次观看","1天前"
"Edge '02 Ruthless Aggression Edition Crazy Entrance | Road To WWE 2K26!","https://www.youtube.com/watch?v=aeSdgk2nNNE&pp=ygUIV1dFIDJLMjY%3D","1.15","2477次观看","5天前"
"WWE 2K26 – Undertaker vs Brock Lesnar | BRUTAL No Holds Barred Match at WrestleMania | PC Gameplay","https://www.youtube.com/watch?v=BcDg_C2frlQ&pp=ygUIV1dFIDJLMjY%3D","28.33","2484次观看","6天前"
"WWE 2K26 CM Punk WrestleMania 29 Entrance w/Paul Haymen!","https://www.youtube.com/watch?v=ujCtbSqK4LU&pp=ygUIV1dFIDJLMjbSBwkJrgoBhyohjO8%3D","1.59","3055次观看","22小时前"
"WWE 2K26 "Showcase" Walkthrough PART 1 (PS5 Pro) @ 4K 60ᶠᵖˢ ✔","https://www.youtube.com/watch?v=Z7EamJiOZ8s&pp=ygUIV1dFIDJLMjbSBwkJrgoBhyohjO8%3D","1.11:20","2658次观看","20小时前"
"WWE 2K26: All Women's Preset Entrances #WWE2K26","https://www.youtube.com/watch?v=cuY-aFaIigQ&pp=ygUIV1dFIDJLMjY%3D","1.53:08","3824次观看","21小时前"
"Wwe 2k26 Live Hulk vs Roman #shortslive #wwe #wwe2k25","https://www.youtube.com/watch?v=xhPc6t10seI&pp=ygUIV1dFIDJLMjY%3D","54.19","2238次观看","直播时间：6天前"
"WWE 2K26 - Official Monday Night War Edition Trailer","https://www.youtube.com/watch?v=z67nhXqbEFQ&pp=ygUIV1dFIDJLMjY%3D","0.46","2375次观看","2天前"
"Face Paint Wrestlers DLC Pack for WWE 2K26 With Mr. Dubbs!","https://www.youtube.com/watch?v=4tO9BolVrAo&pp=ygUIV1dFIDJLMjY%3D","10.38","2371次观看","7天前"
"WWE 2K26 First Ever Live Stream - WWE 2K26 Gameplay","https://www.youtube.com/watch?v=-b-tCKy4G5M&pp=ygUIV1dFIDJLMjY%3D","1.38:56","6441次观看","直播时间：14小时前"
"WWE 2K26 - WWE 2K25 Entrance Comparisons #6 #WWE2K26","https://www.youtube.com/watch?v=TUGHNkPkYfA&pp=ygUIV1dFIDJLMjY%3D","11.02","2339次观看","1天前"
"WWE 2K26 Pre Downloads Have Started, Lets See How Long and Hows Many GB - PS5 PRO (129GB) Hunter Dog","https://www.youtube.com/watch?v=KuZtS94_lqQ&pp=ygUIV1dFIDJLMjY%3D","2.41","2326次观看","1天前"
"WWE 2K26 - WWE 2K25 Entrance Comparisons #4 #WWE2K26","https://www.youtube.com/watch?v=ZwYLoUdKcPE&pp=ygUIV1dFIDJLMjbSBwkJrgoBhyohjO8%3D","10.23","2264次观看","2天前"
"🍻ELIMINATION CHAMBER, WWE 2K26 RATINGS, and🏆LIVE HEATED PANEL DEBATE 🔥#podcast #panel #wwe #debate","https://www.youtube.com/watch?v=ddGfhZmx4ec&pp=ygUIV1dFIDJLMjY%3D","3.55:24","2263次观看","3天前"
"Huge WWE 2K26 DLC News! New Superstars You Need To See","https://www.youtube.com/watch?v=sTQKeoT0WYc&pp=ygUIV1dFIDJLMjbSBwkJrgoBhyohjO8%3D","32.00","2068次观看","1天前"
"Wwe 2k26 Hulk vs Roman #shortslive #wwe #wwe2k25","https://www.youtube.com/watch?v=hkrFpO79xGI&pp=ygUIV1dFIDJLMjY%3D","1.04:19","1939次观看","直播时间：6天前"
"WWE 2K26 - 30 Man Royal Rumble Match!( PC )","https://www.youtube.com/watch?v=zNZMPeR35eE&pp=ygUIV1dFIDJLMjY%3D","30.14","2028次观看","16小时前"
"WWE 2K26: Every CM Punk Showcase Match","https://www.youtube.com/watch?v=rVY5oj3uIHs&pp=ygUIV1dFIDJLMjY%3D","5.16:32","2438次观看","23小时前"
"WWE 2K26 Monday Night War Edition Digital Unboxing","https://www.youtube.com/watch?v=gKq_njfJLLg&pp=ygUIV1dFIDJLMjY%3D","4.37:45","2088次观看","直播时间：13小时前"
"WWE 2K26 Latest Update Reveals New Features, The Soundtrack & More","https://www.youtube.com/watch?v=elInPJhXXO0&pp=ygUIV1dFIDJLMjY%3D","15.48","2000次观看","6天前"
"WWE 2K26 Superstar Ratings Reveal Live Stream","https://www.youtube.com/watch?v=suC1D7D18Co&pp=ygUIV1dFIDJLMjY%3D","3.26:40","1891次观看","直播时间：6天前"
"WWE 2K26 MyRISE - The COMEBACK & The Indies?  Ep.1","https://www.youtube.com/watch?v=YO7--eoBj6s&pp=ygUIV1dFIDJLMjbSBwkJrgoBhyohjO8%3D","30.30","1946次观看","23小时前"
"WWE 2K26 - STEPHANIE VAQUER ENTRANCE [OFFICIAL]","https://www.youtube.com/watch?v=p-ztnw4cSnw&pp=ygUIV1dFIDJLMjY%3D","1.11","1843次观看","6天前"
"THE COMBACK! Yuri is BACK! | A new Attitude?! WWE 2k26 Yuri MyRise ep.1","https://www.youtube.com/watch?v=4VrAi83l8lc&pp=ygUIV1dFIDJLMjY%3D","1.04:06","2001次观看","14小时前"
"WWE 2K26 - King of the Kings | Bande Annonce","https://www.youtube.com/watch?v=tuFaVuIB4Io&pp=ygUIV1dFIDJLMjY%3D","1.16","1874次观看","6天前"
"How To Unlock All Arenas in WWE 2K26!","https://www.youtube.com/watch?v=4Qr6WvVRoqo&pp=ygUIV1dFIDJLMjbSBwkJrgoBhyohjO8%3D","9.52","2009次观看","1天前"
"WWE 2K26 IS HERE Are you ready????","https://www.youtube.com/watch?v=yQPUhb5zvo0&pp=ygUIV1dFIDJLMjY%3D","6.56:44","1815次观看","直播时间：16小时前"
"The Scrapyard: IS IT GOOD? WWE 2K26 Early Access","https://www.youtube.com/watch?v=319_huft1Yc&pp=ygUIV1dFIDJLMjY%3D","15.47","1945次观看","2天前"
"NEW WWE 2K26 GAME IS SO FABULOUS 🔥 | FOR ANDROID AND PC 😱","https://www.youtube.com/watch?v=AGjX43Tjba0&pp=ygUIV1dFIDJLMjY%3D","3.58","1837次观看","5天前"
"WWE 2K26 Roster Reveal!","https://www.youtube.com/watch?v=Vx0CMQQpQgA&pp=ygUIV1dFIDJLMjY%3D","4.45","1935次观看","3天前"
"Fan Backlash Over New DLC For WWE2K26 Is Justified","https://www.youtube.com/watch?v=6wjZWTsq39w&pp=ygUIV1dFIDJLMjY%3D","29.16","2026次观看","1天前"
"Men’s Elimination Chamber | WWE Elimination Chamber 2026 (WWE 2K26) Gameplay","https://www.youtube.com/watch?v=pQx0Uq5ihCY&pp=ygUIV1dFIDJLMjY%3D","26.05","1689次观看","5天前"
"25 WWE Games Cutscenes That Went TOO FAR! (WWE 2K26 Countdown)","https://www.youtube.com/watch?v=0DgnfvnlIK8&pp=ygUIV1dFIDJLMjY%3D","17.48","1681次观看","7天前"
"WWE 2K26 All New Moves & Taunts REACTION!!! -The Fat REACT!","https://www.youtube.com/watch?v=_5phcRdaqmQ&pp=ygUIV1dFIDJLMjY%3D","20.32","1799次观看","6天前"
"WWE 2K26 LAUNCH NIGHT LIVE!","https://www.youtube.com/watch?v=xp28_StEWo8&pp=ygUIV1dFIDJLMjY%3D","2.01:52","2572次观看","直播时间：8小时前"
"I Reunited The Lucha Bros In WWE 2K26!","https://www.youtube.com/watch?v=ISWdWqq92LU&pp=ygUIV1dFIDJLMjY%3D","7.34","2361次观看","20小时前"
"So This WWE 2K26 Attitude Era DLC Is Something Else...","https://www.youtube.com/watch?v=AoM169NqNu4&pp=ygUIV1dFIDJLMjY%3D","10.10","1636次观看","3天前"
"WWE 2k26 Falls Count Anywhere | Finn Balor vs Rusev","https://www.youtube.com/watch?v=yQj6ajSrtbc&pp=ygUIV1dFIDJLMjY%3D","4.16","1665次观看","1天前"
"WWE 2K26 MyFACTION - FIRST LOOK & IMPRESSIONS","https://www.youtube.com/watch?v=h5wQ9j3PklI&pp=ygUIV1dFIDJLMjY%3D","11.49","1642次观看","23小时前"
"WWE 2k26 NEW CELEBRITY CONFIRMED DURING ESPN RATINGS SHOW + LATEST SOUNDTRACK REVEALED!","https://www.youtube.com/watch?v=YCBR7dzve94&pp=ygUIV1dFIDJLMjY%3D","11.36","1485次观看","6天前"
"Are We getting The Same Story Twice?! WWE 2k26 MyRise | Identical Storylines?!","https://www.youtube.com/watch?v=30YoqMq_d4w&pp=ygUIV1dFIDJLMjY%3D","8.12","1465次观看","2天前"
"WHERE IS THE DLC? | WWE 2K26 Discussion","https://www.youtube.com/watch?v=YAezx_92hOA&pp=ygUIV1dFIDJLMjY%3D","6.03","1470次观看","3天前"
"WWE 2K26 - FLAMMER ENTRANCE [OFFICIAL]","https://www.youtube.com/watch?v=TbzINvb-A8Q&pp=ygUIV1dFIDJLMjY%3D","1.05","1380次观看","2天前"
"WWE 2K26 - Brock Lesnar vs Oba Femi - 🔥Inferno Match🔥","https://www.youtube.com/watch?v=MSDeuRARbpE&pp=ygUIV1dFIDJLMjY%3D","13.41","1822次观看","18小时前"
"CM Punk vs Finn Bálor (World Title) | DEMON KING?! (PS5) (WWE 2K26 Mods)","https://www.youtube.com/watch?v=36wNgtAbHKA&pp=ygUIV1dFIDJLMjY%3D","15.44","1412次观看","5天前"
"My WCW Monday Night Wars DLC Pack Prediction For WWE2K26","https://www.youtube.com/watch?v=Q0ltN3erA0Y&pp=ygUIV1dFIDJLMjY%3D","12.50","1241次观看","1天前"
"Mankind '98 (MICK FOLEY) Attitude Era Epic Entrance | Road To WWE 2K26!","https://www.youtube.com/watch?v=WZN6XjmVbJo&pp=ygUIV1dFIDJLMjY%3D","1.10","1196次观看","5天前"
"WWE 2K26 RELEASE Stream (deutsch)","https://www.youtube.com/watch?v=mf4PbONbsL0&pp=ygUIV1dFIDJLMjY%3D","3.11:25","1375次观看","直播时间：11小时前"
"How to Unlock Everything in WWE 2k26","https://www.youtube.com/watch?v=C4g_EX6WMaY&pp=ygUIV1dFIDJLMjY%3D","4.43","3222次观看","17小时前"
"WWE 2K26 Showcase Mode Gameplay Part 2 - CM Punk vs JBL","https://www.youtube.com/watch?v=WGJjPFF7FGg&pp=ygUIV1dFIDJLMjY%3D","12.07","1770次观看","19小时前"
"How To Pre Order WWE 2K26 On PlayStation 5!!","https://www.youtube.com/watch?v=XDg57uob404&pp=ygUIV1dFIDJLMjY%3D","1.37","1222次观看","6天前"
"How TERRIBLE is WWE Smackdown ? - Elimination Chamber WWE 2K26 -  Jim Carrey face","https://www.youtube.com/watch?v=iojybxFVmTE&pp=ygUIV1dFIDJLMjY%3D","1.55:53","1118次观看","直播时间：6天前"
"WWE 2K26: Every Face Turn & Face Choice In MyRise","https://www.youtube.com/watch?v=pd6Y6d5lf_E&pp=ygUIV1dFIDJLMjY%3D","16.39","5315次观看","14小时前"
"WWE 2K26: Women's MyRise & Island Entrances #WWE2K26","https://www.youtube.com/watch?v=Q02zmPv5smE&pp=ygUIV1dFIDJLMjY%3D","19.51","5320次观看","12小时前"
"Reviews are in For WWE 2K26!","https://www.youtube.com/watch?v=TkiA_t1xHNs&pp=ygUIV1dFIDJLMjY%3D","9.49","3441次观看","17小时前"
"WWE 2K26 ROSTER REVEAL","https://www.youtube.com/watch?v=1RLEwqSgoSI&pp=ygUIV1dFIDJLMjY%3D","4.13:06","1092次观看","直播时间：6天前"
"WWE 2K26 - SHAWN MICHAELS (DX) ENTRANCE [OFFICIAL]","https://www.youtube.com/watch?v=FOnPlRAnQrg&pp=ygUIV1dFIDJLMjY%3D","1.35","1293次观看","6天前"
"WWE 2K26: Kane '98 Full Championship Entrance!","https://www.youtube.com/watch?v=EmjddA4YwnU&pp=ygUIV1dFIDJLMjY%3D","1.22","1284次观看","7天前"
"WWE 2K26: Full Roster Unlocked & Rating!","https://www.youtube.com/watch?v=qUyuiCHvUs8&pp=ygUIV1dFIDJLMjY%3D","24.05","1435次观看","15小时前"
"WWE 2K26 Showcase Mode Gameplay Part 3 - CM Punk vs Rey Mysterio","https://www.youtube.com/watch?v=DQ7vKaaFS2E&pp=ygUIV1dFIDJLMjY%3D","11.59","1367次观看","19小时前"
"I Played The WWE 2K26 Showcase And.....","https://www.youtube.com/watch?v=_UokTCaS4ec&pp=ygUIV1dFIDJLMjY%3D","2.10:39","6468次观看","17小时前"
"I Beat the Entire WWE 2K26 Showcase in One Video!","https://www.youtube.com/watch?v=6KRx3yHLj8k&pp=ygUIV1dFIDJLMjY%3D","1.08:24","6712次观看","20小时前"
"WWE 2K26 | Review","https://www.youtube.com/watch?v=rCGvdHGvS5Q&pp=ygUIV1dFIDJLMjY%3D","8.33","1191次观看","23小时前"
"WWE 2K26 Monday Night War Edition Trailer - You Want a War? | GameStop","https://www.youtube.com/watch?v=VWYztQLXI30&pp=ygUIV1dFIDJLMjY%3D","0.46","1472次观看","2天前"
"ATTITUDE ERA TAKEOVER – PART 17 ⚠️ | WWE 2K26 FINAL WARNING","https://www.youtube.com/watch?v=3GrKnET9XPY&pp=ygUIV1dFIDJLMjY%3D","1.59:31","946次观看","直播时间：7天前"
"WWE 2K26 Superstar Entrances Randy Orton Penta & more REACTION!!! -The Fat REACT!","https://www.youtube.com/watch?v=x7FGVJYmQeU&pp=ygUIV1dFIDJLMjY%3D","11.10","947次观看","6天前"
"WWE 2K26 - “THE FIEND” BRAY WYATT (BURNED) ENTRANCE [OFFICIAL]","https://www.youtube.com/watch?v=g8qHKT3P734&pp=ygUIV1dFIDJLMjY%3D","2.47","1022次观看","6天前"
"How To Make WWE 2K26 Universe Mode More Realistic With This Tutorial!","https://www.youtube.com/watch?v=FSFF9O8MZr4&pp=ygUIV1dFIDJLMjY%3D","24.27","881次观看","6天前"
"Brothers Of Destruction '09 Epic Entrance | Road To WWE 2K26!","https://www.youtube.com/watch?v=2Vk3CA4lzfA&pp=ygUIV1dFIDJLMjbSBwkJrgoBhyohjO8%3D","2.14","1442次观看","1天前"
"WWE 2k26 Release Time!","https://www.youtube.com/watch?v=aypuCXF0P7U&pp=ygUIV1dFIDJLMjY%3D","9.42:40","867次观看","直播时间：12小时前"
"The Story of Top Rank Bo Begins! WWE 2K26 MyRISE Ep.1","https://www.youtube.com/watch?v=jIozCs4UOGM&pp=ygUIV1dFIDJLMjbSBwkJrgoBhyohjO8%3D","42.09","890次观看","17小时前"
"WWE 2K26 - The Fiend Bray Wyatt (Burned) ENTRANCE [OFFICIAL]","https://www.youtube.com/watch?v=x59E5zzQkJs&pp=ygUIV1dFIDJLMjY%3D","2.51","833次观看","6天前"
"My First Look At MyFaction In WWE 2K26 Live Events World Tour Collection Rewards And More","https://www.youtube.com/watch?v=c0w3VDerExY&pp=ygUIV1dFIDJLMjY%3D","29.47","1633次观看","19小时前"
"WWE 2K26 JEFF HARDY Showcase – Armageddon 2008 Entrance REMASTERED","https://www.youtube.com/watch?v=9Afi7wUKa9Y&pp=ygUIV1dFIDJLMjY%3D","0.56","806次观看","5天前"
"MIS PRIMERAS IMPRESIONES DEL WWE 2K26 EN EL LANZAMIENTO | Tio Phenomenal","https://www.youtube.com/watch?v=lB32g2SdO-0&pp=ygUIV1dFIDJLMjY%3D","19.55","1602次观看","20小时前"
"🔥🎮WWE 2K26 VICTORIA ENTRANCE🎮🔥 #wwe2k26 #WWE #2k  #victoria","https://www.youtube.com/watch?v=o5mByobsw1U&pp=ygUIV1dFIDJLMjY%3D","1.06","822次观看","7天前"
"WWE 2K26 - Nintendo Switch 2 Gameplay!","https://www.youtube.com/watch?v=Rohg_iYaGBo&pp=ygUIV1dFIDJLMjY%3D","14.00","2031次观看","9小时前"
"I Beat The ENTIRE WWE 2K26 Showcase In One Video!","https://www.youtube.com/watch?v=EJCFixjzHhM&pp=ygUIV1dFIDJLMjY%3D","3.27:30","1835次观看","15小时前"
"WWE 2K26 IS HERE Are you ready????","https://www.youtube.com/watch?v=vIbX_z7DSQc&pp=ygUIV1dFIDJLMjY%3D","7.10:12","784次观看","直播时间：9小时前"
"WWE 2K26 Create-A-Superstar FIRST LOOK – New Features & Customization","https://www.youtube.com/watch?v=Uo5GoTPzojM&pp=ygUIV1dFIDJLMjY%3D","1.14:17","1238次观看","18小时前"
"FULL MATCH: Brock Lesnar vs. Shanky | WWE 2K26 Gameplay, March 04, 2026","https://www.youtube.com/watch?v=eUROx7oCiOw&pp=ygUIV1dFIDJLMjbSBwkJrgoBhyohjO8%3D","14.02","892次观看","1天前"
"WWE 2K26 Review | Is It The Best Wrestling Game in the Series?","https://www.youtube.com/watch?v=5R-XmBkeQio&pp=ygUIV1dFIDJLMjY%3D","7.34","709次观看","22小时前"
"WWE 2K26's Ratings Are ALL OVER THE PLACE!","https://www.youtube.com/watch?v=aP0BMwr8eh4&t=381s&pp=ygUIV1dFIDJLMjbSBwkJrgoBhyohjO8%3D","8.16","621次观看","6天前"
"WWE 2K26 My Rise The Comeback Gameplay Walkthrough Part 2","https://www.youtube.com/watch?v=f5Qw9Hq3ZwM&pp=ygUIV1dFIDJLMjY%3D","2.24:16","4918次观看","16小时前"
"WWE 2K26 HC PAIN ALL STARS Live","https://www.youtube.com/watch?v=2CCe4ORDii8&pp=ygUIV1dFIDJLMjY%3D","1.47:45","604次观看","直播时间：6天前"
"WWE 2K26: Logan Paul Full Official Entrance!","https://www.youtube.com/watch?v=gEYWa--THhs&pp=ygUIV1dFIDJLMjY%3D","1.28","672次观看","7天前"
"WWE 2K26 SHOWCASE – Armageddon 2008 Recreated! Triple H vs Edge vs Jeff Hardy (FULL ENTRANCES )","https://www.youtube.com/watch?v=lrksz_6cEUM&pp=ygUIV1dFIDJLMjbSBwkJrgoBhyohjO8%3D","16.00","647次观看","6天前"
"New WWE 2K26 PSP Emulator | Updated Models Gameplay!","https://www.youtube.com/watch?v=vcs_S4uQpM0&pp=ygUIV1dFIDJLMjY%3D","7.18","648次观看","2天前"
"How To Play WWE 2K26 Early RIGHT NOW","https://www.youtube.com/watch?v=Z6Pgt6nV0mw&pp=ygUIV1dFIDJLMjY%3D","8.29","815次观看","1天前"
"WWE 2K26 UNIVERSE MODE - THE DRAFT","https://www.youtube.com/watch?v=9b9Haj6-YyU&pp=ygUIV1dFIDJLMjY%3D","5.47","569次观看","6天前"
"Brock Lesnar vs Triple H vs Batista – WWE 2K26 Dream Triple Threat Match","https://www.youtube.com/watch?v=eQIte_QuHs4&pp=ygUIV1dFIDJLMjbSBwkJrgoBhyohjO8%3D","15.48","755次观看","6天前"
"WWE 2K26 - All Characters & Teams + DLC (Monday Night War Edition)","https://www.youtube.com/watch?v=Kae2MF2M-5Y&pp=ygUIV1dFIDJLMjY%3D","36.00","588次观看","19小时前"
"Players Are Already ANGRY At 2K! WWE 2K26 Early Access & Ringside Pass News","https://www.youtube.com/watch?v=Ens1ukUuQ28&pp=ygUIV1dFIDJLMjY%3D","11.54","5290次观看","11小时前"
"WWE 2K26 - CHYNA ENTRANCE [OFFICIAL]","https://www.youtube.com/watch?v=qxXBuy5ZV-k&pp=ygUIV1dFIDJLMjY%3D","1.30","480次观看","3天前"
"PS5 PRO WWE 2K26 Jimmy & Jey Uso Vs MFT's Talla Tonga & Tama Tonga  - Tag Team Title Match","https://www.youtube.com/watch?v=GfY8Sx0v-1Q&pp=ygUIV1dFIDJLMjY%3D","21.51","579次观看","18小时前"
"NXT champ JOE HENDRY on WWE 2K26, PC gaming, and more! | INTERVIEW","https://www.youtube.com/watch?v=ZTxVjHKQGxE&pp=ygUIV1dFIDJLMjY%3D","8.04","459次观看","1天前"
"WWE 2K26 Triple Threat - Oba Femi, Rusev & Jacob Fatu","https://www.youtube.com/watch?v=ZwaIA0Q_VDE&pp=ygUIV1dFIDJLMjY%3D","16.07","488次观看","23小时前"
"I CREATED A CHARACTER IN WWE 2K26 AND CAN'T BELIEVE HOW GOOD SHE LOOKS!!","https://www.youtube.com/watch?v=hQzRpinx4NM&pp=ygUIV1dFIDJLMjbSBwkJrgoBhyohjO8%3D","15.56","1985次观看","8小时前"
"WWE 2K26 Showcase Match - CM Punk vs. Randy Orton - WrestleMania 27","https://www.youtube.com/watch?v=eKME6a7wctc&pp=ygUIV1dFIDJLMjY%3D","12.40","686次观看","23小时前"
"How To Play WWE 2K26 One Day Early","https://www.youtube.com/watch?v=rpeCjAn7RkA&pp=ygUIV1dFIDJLMjY%3D","5.16","427次观看","7天前"
"WWE 2K26: Rey Fenix Full Official Entrance!","https://www.youtube.com/watch?v=JPIiJtmg0rU&pp=ygUIV1dFIDJLMjY%3D","1.43","520次观看","7天前"
"Brock Lesnar VS Rhea Ripley | Extreme Rules Match | WWE 2K26 Gamelay","https://www.youtube.com/watch?v=Hfoc0vtAbzU&pp=ygUIV1dFIDJLMjY%3D","14.53","408次观看","6天前"
"WWE 2K26 : Complete Roster and Removed Superstars","https://www.youtube.com/watch?v=cPPAbrCQe9M&pp=ygUIV1dFIDJLMjY%3D","12.57","353次观看","6天前"
"WWE 2K26 - Stephanie Vaquer ENTRANCE [OFFICIAL]","https://www.youtube.com/watch?v=XvhJicmi6ZM&pp=ygUIV1dFIDJLMjY%3D","1.14","350次观看","5天前"
"Trish Stratus talks WWE 2k26, Favorite Car, Advice for Wrestlers, Melina and Yoga LIVE from Autorama","https://www.youtube.com/watch?v=Nm7oqn5RdYg&pp=ygUIV1dFIDJLMjY%3D","6.06","328次观看","5天前"
"WWE 2K26 AAA DLC Superstar Entrances ft. Lady Shani, Pagano, Octagon Jr & La Parka (Concept)","https://www.youtube.com/watch?v=YtBc3_8e5N8&pp=ygUIV1dFIDJLMjY%3D","4.57","473次观看","19小时前"
"WWE 2K26 The Fiend Evolution In WWE Games (2019 -2026)","https://www.youtube.com/watch?v=yGrirsJB1sQ&pp=ygUIV1dFIDJLMjbSBwkJrgoBhyohjO8%3D","6.57","298次观看","5天前"
"WWE 2K25 vs WWE 2K26: Trick Williams Entrance Comparison!","https://www.youtube.com/watch?v=A1ZXWWnpanI&pp=ygUIV1dFIDJLMjY%3D","1.22","351次观看","7天前"
"The Fiend Bray Wyatt (Burned) Full Entrance in WWE 2K26 .","https://www.youtube.com/watch?v=th9CeLDXczw&pp=ygUIV1dFIDJLMjY%3D","2.32","329次观看","6天前"
"WWE 2K26: Mark Henry Full Official Entrance!","https://www.youtube.com/watch?v=3pUjkCRi0Lk&pp=ygUIV1dFIDJLMjbSBwkJrgoBhyohjO8%3D","0.58","312次观看","7天前"
"You Won’t Believe These WWE 2K26 Ratings! (FULL REVEAL)","https://www.youtube.com/watch?v=RTcizGckauI&pp=ygUIV1dFIDJLMjY%3D","2.10","273次观看","5天前"
"WWE 2K26 - Drew Mycntire vs Randy Orton - Extreme Rules Match | PS5 Pro [4K60] #wwe2k26 #wweraw","https://www.youtube.com/watch?v=4vRYUzxZgcE&pp=ygUIV1dFIDJLMjbSBwkJrgoBhyohjO8%3D","17.17","305次观看","3天前"
"WWE 2k26 FULL MATCH - The Great Khali Vs. The Rock : SmackDown Live Full Match","https://www.youtube.com/watch?v=Ltx1rWyMpeM&pp=ygUIV1dFIDJLMjY%3D","9.33","322次观看","4天前"
"WWE 2K26: Talla Tonga Full Official Entrance!","https://www.youtube.com/watch?v=k0rHZZcnBCQ&pp=ygUIV1dFIDJLMjY%3D","1.43","297次观看","7天前"
"WWE 2K26 MyRise might be the BEST mode! FULL BREAKDOWN (REACTION!!!)","https://www.youtube.com/watch?v=zFnPVMWzSxA&pp=ygUIV1dFIDJLMjY%3D","17.58","246次观看","6天前"
"Best Moments from WWE 2K26 CM Punk Showcase","https://www.youtube.com/watch?v=u0CHZ2o1Zfw&pp=ygUIV1dFIDJLMjY%3D","11.55","531次观看","8小时前"
"WWE 2K26: Trick Williams Full Official Entrance!","https://www.youtube.com/watch?v=BpXASsbzLsQ&pp=ygUIV1dFIDJLMjY%3D","1.21","329次观看","7天前"
"WWE 2K26 Game Soundtrack details, Linkin Park, Turnstile, Powerman 5000, Bad Omens and more!","https://www.youtube.com/watch?v=XvY3DSE-JqE&list=RDXvY3DSE-JqE&start_radio=1&pp=ygUIV1dFIDJLMjagBwE%3D","1.17","240次观看","5天前"
"WWE 2K25 vs WWE 2K26: Mark Henry Entrance Comparison!","https://www.youtube.com/watch?v=lsFy9c6AJTE&pp=ygUIV1dFIDJLMjY%3D","0.56","273次观看","7天前"
"WWE 2K26 SOUNDTRACK THE PARADOX - BENDER FEAT TRAVIS BAKER","https://www.youtube.com/watch?v=gkEKl1LTCVw&list=RDgkEKl1LTCVw&start_radio=1&pp=ygUIV1dFIDJLMjagBwE%3D","2.52","216次观看","6天前"
"WWE 2K26: Iyo Sky Full Championship Entrance!","https://www.youtube.com/watch?v=VkLicAiJGWk&pp=ygUIV1dFIDJLMjY%3D","1.05","268次观看","7天前"
"🔥🎮WWE 2K26 REY FENIX ENTRANCE🎮🔥 #wwe2k26 #WWE #2k  #reyfenix","https://www.youtube.com/watch?v=uvd1UNMO0Es&pp=ygUIV1dFIDJLMjY%3D","2.02","196次观看","7天前"
"WWE 2k26 Ratings Revealed! | What Would You change?!","https://www.youtube.com/watch?v=2Em-WQSKrTA&pp=ygUIV1dFIDJLMjY%3D","18.47","186次观看","5天前"
"WWE 2K26 - CPU - John Cena vs LA Knight","https://www.youtube.com/watch?v=T1arn7NzaY4&pp=ygUIV1dFIDJLMjY%3D","8.11","411次观看","11小时前"
"WWE 2K26 - Bianca Belair vs Mia Yim vs Maryse vs Naomi vs Trish Stratus vs Tiffany Stratton","https://www.youtube.com/watch?v=0vIKJIQQwSI&pp=ygUIV1dFIDJLMjY%3D","23.04","296次观看","7小时前"
"WWE 2K26 King Of The Kings Official Trailer, New Gameplay & Different Versions Of Triple H","https://www.youtube.com/watch?v=9nprUqwt03A&pp=ygUIV1dFIDJLMjY%3D","0.55","238次观看","6天前"
"Stephanie Vaquer Full Entrance in WWE 2K26 .","https://www.youtube.com/watch?v=bbCpdKa6uJk&pp=ygUIV1dFIDJLMjY%3D","1.11","172次观看","6天前"
"WWE 2K26 Elimination Chamber 2026 Gameplay 🔥 Randy Orton vs Cody Rhodes vs LA Knight","https://www.youtube.com/watch?v=RnvPqXMmOAc&pp=ygUIV1dFIDJLMjY%3D","17.56","190次观看","5天前"
"WWE 2K25 vs WWE 2K26: Logan Paul Entrance Comparison!","https://www.youtube.com/watch?v=R1CsRiodtz4&pp=ygUIV1dFIDJLMjY%3D","1.26","167次观看","7天前"
"Attitude Era Kane Entrance in WWE 2K26 – The Big Red Machine Unleashed! #wwe2k26 #kane #fyp #yt #yp","https://www.youtube.com/watch?v=lAuHIywAO5A&pp=ygUIV1dFIDJLMjY%3D","0.49","144次观看","6天前"
"WWE 2k26 FULL MATCH - Veer Mahaan Vs. Brock Lesnar : SmackDown Live Full Match","https://www.youtube.com/watch?v=snAKWcEcYC4&pp=ygUIV1dFIDJLMjY%3D","7.16","140次观看","7天前"
"WWE 2k26 The Island is looking.... Ringside Report Breakdown!","https://www.youtube.com/watch?v=L45N6GrqzNg&pp=ygUIV1dFIDJLMjY%3D","13.27","187次观看","7天前"
"🔥🎮WWE 2K26 YOSHIKI INAMURA ENTRANCE🎮🔥 #wwe2k26 #WWE #2k  #yoshikiinamura","https://www.youtube.com/watch?v=IKi70TX21ro&pp=ygUIV1dFIDJLMjY%3D","1.31","167次观看","7天前"
"🔥🎮WWE 2K26 LITA ENTRANCE🎮🔥 #wwe2k26 #WWE #2k  #lita","https://www.youtube.com/watch?v=t3BPJSx-S-U&pp=ygUIV1dFIDJLMjY%3D","1.17","191次观看","7天前"
"Big Show vs Mark Henry – Monster Clash | WWE 2K26","https://www.youtube.com/watch?v=D2i7a8KrPmE&pp=ygUIV1dFIDJLMjY%3D","14.26","140次观看","6天前"
"WWE 2K26 - MyRise WWE Performance Center Match","https://www.youtube.com/watch?v=DHyrPZqRe6g&pp=ygUIV1dFIDJLMjY%3D","12.29","136次观看","23小时前"
"WWE 2K26: R-Truth Full Official Entrance!","https://www.youtube.com/watch?v=NmzoARE4Ak8&pp=ygUIV1dFIDJLMjY%3D","1.45","181次观看","7天前"
"WWE 2K26 vs WWE 2K25 | Graphics, Faces & Gameplay Comparison","https://www.youtube.com/watch?v=BhF11Xw02iE&pp=ygUIV1dFIDJLMjY%3D","14.07","285次观看","9小时前"
"WWE 2K26 DLC: Kane '98 Entrance, Finisher, and Victory (Attitude Era Edition)","https://www.youtube.com/watch?v=7J_YbAdc020&pp=ygUIV1dFIDJLMjY%3D","2.40","222次观看","9小时前"
"WWE 2K26 - Shawn Michaels vs Ric Flair","https://www.youtube.com/watch?v=4cXlY9MFink&pp=ygUIV1dFIDJLMjY%3D","12.12","219次观看","6天前"
"WWE 2K26 Midnight Launch Stream!","https://www.youtube.com/watch?v=kHdRomuYj7g&pp=ygUIV1dFIDJLMjY%3D","2.17:46","163次观看","直播时间：8小时前"
"WWE 2K26: Burned Fiend (Bray Wyatt) Official Entrance!","https://www.youtube.com/watch?v=L9o7SACZiJk&pp=ygUIV1dFIDJLMjY%3D","2.45","114次观看","6天前"
"🔥🎮WWE 2K26 LYRA VALKYRIA ENTRANCE🎮🔥 #wwe2k26 #WWE #2k #bayley #lyravalkyria","https://www.youtube.com/watch?v=wQBPA8StYVI&pp=ygUIV1dFIDJLMjbSBwkJrgoBhyohjO8%3D","1.41","181次观看","6天前"
"🔥🎮WWE 2K26 RANDY ORTON ENTRANCE🎮🔥 #wwe2k26 #WWE #2k #randyorton","https://www.youtube.com/watch?v=A1py0Fe2G1A&pp=ygUIV1dFIDJLMjY%3D","3.38","117次观看","6天前"
"Lady Flammer Full Entrance in WWE 2K26 .","https://www.youtube.com/watch?v=Y6TjoYKN9Ys&pp=ygUIV1dFIDJLMjY%3D","0.59","142次观看","2天前"
"WWE 2K26 Showcase Mode Episode 1","https://www.youtube.com/watch?v=dVROvbXvxUQ&pp=ygUIV1dFIDJLMjbSBwkJrgoBhyohjO8%3D","16.08","141次观看","10小时前"
"WWE 2K26: Rusev Full Official Entrance!","https://www.youtube.com/watch?v=3PyALecpx-g&pp=ygUIV1dFIDJLMjY%3D","1.38","162次观看","7天前"
"WWE 2K25 vs WWE 2K26: ILja Dragunov Entrance Comparison!","https://www.youtube.com/watch?v=pP8pnZxbW0Q&pp=ygUIV1dFIDJLMjY%3D","1.40","222次观看","7天前"
"🔥🎮WWE 2K26 JORDYNNE GRACE ENTRANCE🎮🔥 #wwe2k26 #WWE #2k #jordynnegrace","https://www.youtube.com/watch?v=F_nIECoyRl8&pp=ygUIV1dFIDJLMjY%3D","1.25","122次观看","6天前"
"Naomi Vs Lyra Valkyria | Road to WWE 2K26 | WWE 2K25 Match","https://www.youtube.com/watch?v=FKVM_lZYwxE&pp=ygUIV1dFIDJLMjY%3D","12.29","106次观看","6天前"
"WWE 2K26 SOUNDTRACK THE WARNING - QUE MAS QUIERES","https://www.youtube.com/watch?v=oN72TqLepIc&list=RDoN72TqLepIc&start_radio=1&pp=ygUIV1dFIDJLMjagBwHSBwkJrgoBhyohjO8%3D","3.06","119次观看","6天前"
"WWE 2K26 - Destruction is here","https://www.youtube.com/watch?v=yHw9-Uzhnc8&pp=ygUIV1dFIDJLMjY%3D","11.00","84次观看","6天前"
"🔥🎮WWE 2K26 GOLDBERG ENTRANCE🎮🔥 #wwe2k26 #WWE #2k #goldberg","https://www.youtube.com/watch?v=FQiTxabNQoA&pp=ygUIV1dFIDJLMjbSBwkJrgoBhyohjO8%3D","2.01","117次观看","6天前"
"WWE 2K26 - Monday Night War Edition Trailer","https://www.youtube.com/watch?v=Y1EkHnq5VSo&pp=ygUIV1dFIDJLMjY%3D","0.46","78次观看","2天前"
"WWE 2K26 -  Brock Lesnar vs. Omos - 27 FEB  2026","https://www.youtube.com/watch?v=Tmf4leb8cIY&pp=ygUIV1dFIDJLMjY%3D","9.40","95次观看","6天前"
"WWE 2K25 vs WWE 2K26: Stephanie Vaquer Entrance Comparison!","https://www.youtube.com/watch?v=nc2e46e1P-Q&pp=ygUIV1dFIDJLMjY%3D","1.09","104次观看","7天前"
"🔥🎮WWE 2K26 THE SANDMAN ENTRANCE🎮🔥 #wwe2k26 #WWE #2k #thesandman","https://www.youtube.com/watch?v=y7sdzkDCc6Q&pp=ygUIV1dFIDJLMjY%3D","3.05","82次观看","6天前"
"WE HERE EVERYDAY UNTIL WWE 2K26 DROPS","https://www.youtube.com/watch?v=ZbUp0rFelMc&pp=ygUIV1dFIDJLMjY%3D","50.06","87次观看","直播时间：6天前"
"Seth Rollins vs Bron Breakker – EPIC WrestleMania 42 Battle! | WWE 2K26","https://www.youtube.com/watch?v=B7dVO9sIdHY&pp=ygUIV1dFIDJLMjY%3D","14.23","107次观看","1天前"
"WWE 2K26: Mr.Iguana Full Official Entrance!","https://www.youtube.com/watch?v=sHIuxEvZekU&pp=ygUIV1dFIDJLMjY%3D","1.03","94次观看","3天前"
"WWE 2k25 WWE 2k26 vs WWE 2k25 Direct Graphics Comparison!","https://www.youtube.com/watch?v=PDXSR7HipfY&pp=ygUIV1dFIDJLMjY%3D","3.03","71次观看","5天前"
"WWE 2K26: Showcase Mode | Part 4","https://www.youtube.com/watch?v=6XMHird9I4M&pp=ygUIV1dFIDJLMjY%3D","13.56","66次观看","20小时前"
"Try these past WWE 2K games before WWE 2K26 | WWE 2K20 | Lesnar vs Lashley [Legend AI]","https://www.youtube.com/watch?v=z6Y4BGj6ecE&pp=ygUIV1dFIDJLMjY%3D","9.54","298次观看","5天前"
"Not in WWE 2K26: The CM Punk Brawl Out from All Out! Create a Story SVR PS2 Mod","https://www.youtube.com/watch?v=bX-aKtt9RSQ&pp=ygUIV1dFIDJLMjbSBwkJrgoBhyohjO8%3D","","59次观看","6天前"
"WWE 2K26 - Asuka vs Rhea Ripley vs Nikki Bella vs Bayley vs Iyo Sky vs Liv Morgan","https://www.youtube.com/watch?v=-3xsQrOT7IQ&pp=ygUIV1dFIDJLMjbSBwkJrgoBhyohjO8%3D","","366次观看","8小时前"
"WWE 2K26 - Liv Morgan & Dominik Mysterio | Full Entrance & Victory - PS5 [4K 60FPS]","https://www.youtube.com/watch?v=9jzC2rcdksU&pp=ygUIV1dFIDJLMjY%3D","","95次观看","10小时前"
"🔥🎮WWE 2K26 NIKKI CROSS ENTRANCE🎮🔥 #wwe2k26 #WWE #2k #dexterlumis #wyattsicks #unclehowdy #nikkicross","https://www.youtube.com/watch?v=wzBZBZkRM3A&pp=ygUIV1dFIDJLMjY%3D","","56次观看","10小时前"
"WWE 2K26 su PSP?! Questa Mod è Incredibile","https://www.youtube.com/watch?v=NBgZ5HPpenQ&pp=ygUIV1dFIDJLMjY%3D","","46次观看","1天前"
"🔥🎮WWE 2K26 HANK & TANK ENTRANCE🎮🔥 #wwe2k26 #WWE #2k #aaa #hankwalker #tankwalker","https://www.youtube.com/watch?v=N6M2CV1QhZI&pp=ygUIV1dFIDJLMjY%3D","","67次观看","10小时前"
"A Look Back At WWE 2K22!","https://www.youtube.com/watch?v=TIy-7E6sAws&pp=ygUIV1dFIDJLMjY%3D","","46次观看","2天前"
"🔥🎮WWE 2K26 BIANCA BELAIR ENTRANCE🎮🔥 #wwe2k26 #WWE #2k #aaa #biancabelair","https://www.youtube.com/watch?v=KslH3kKsB_A&pp=ygUIV1dFIDJLMjY%3D","","73次观看","19小时前"
"WWE 2K26 NEW MATCH TYPES & UNIVERSE MODE FEATURE!","https://www.youtube.com/watch?v=iMw_5XPrXXg&pp=ygUIV1dFIDJLMjY%3D","","34次观看","4天前"
"WWE 2K26 Undertaker Vs Kane to the death 🔥","https://www.youtube.com/watch?v=01AZbLR58uc&pp=ygUIV1dFIDJLMjbSBwkJrgoBhyohjO8%3D","","62次观看","5天前"
"WWE 2K26 The Fiend Bray Wyatt (BURNED) Full Official Entrance","https://www.youtube.com/watch?v=OzsUQt8Cf4o&pp=ygUIV1dFIDJLMjY%3D","","57次观看","6天前"
"WWE 2K26 CREATION MODE INSANE! 😱 Best Community Creations Ever?! Full Guide 🔥","https://www.youtube.com/watch?v=HxuOLLfUYxU&pp=ygUIV1dFIDJLMjY%3D","","27次观看","6天前"
"Live WWE 2K26 | CM Punk vs. Female Wrestler on WWE | WWE Smackdown Today Fight Mar. 5, 2026 #shorts","https://www.youtube.com/watch?v=IqwsU5UMATg&pp=ygUIV1dFIDJLMjY%3D","","368次观看","直播时间：22小时前"
"PS5 PRO WWE 2K26 LA Knight Vs Jacob Fatu [Hard Difficulty]","https://www.youtube.com/watch?v=dCGklu9WYy4&pp=ygUIV1dFIDJLMjY%3D","","308次观看","11小时前"
"WWE 2K26 Entrances Compilation: Epic Hype Fest","https://www.youtube.com/watch?v=DuXiX_eV4oQ&pp=ygUIV1dFIDJLMjY%3D","","22次观看","6天前"
"Kairi Sane Vs Lita | Road to WWE 2K26 | WWE 2K25 Match","https://www.youtube.com/watch?v=J3eCaNn2AW4&pp=ygUIV1dFIDJLMjY%3D","","91次观看","4天前"
